Birne,Banane,Birne,DEF,Birne,Davon hat Jan die Birne bekommen.,DEF_felicitous,stimuli//pear.bmp,stimuli//banana.bmp,stimuli//pear.bmp,3,1
Birne,Banane,Banane,DEF,Banane,Davon hat Jan die Banane bekommen.,DEF_infelicitous,stimuli//pear.bmp,stimuli//banana.bmp,stimuli//banana.bmp,5,2
Birne,Banane,Birne,INDEF,Birne,Davon hat Jan eine Birne bekommen.,INDEF_infelicitous,stimuli//pear.bmp,stimuli//banana.bmp,stimuli//pear.bmp,6,3
Birne,Banane,Banane,INDEF,Banane,Davon hat Jan eine Banane bekommen.,INDEF_felicitous,stimuli//pear.bmp,stimuli//banana.bmp,stimuli//banana.bmp,4,4
Birne,Banane,Birne,DEF,Banane,Davon hat Jan die Banane bekommen.,DEF_false,stimuli//pear.bmp,stimuli//banana.bmp,stimuli//pear.bmp,1,5
Birne,Banane,Banane,DEF,Birne,Davon hat Jan die Birne bekommen.,DEF_false,stimuli//pear.bmp,stimuli//banana.bmp,stimuli//banana.bmp,1,6
Birne,Banane,Birne,INDEF,Banane,Davon hat Jan eine Banane bekommen.,INDEF_false,stimuli//pear.bmp,stimuli//banana.bmp,stimuli//pear.bmp,2,7
Birne,Banane,Banane,INDEF,Birne,Davon hat Jan eine Birne bekommen.,INDEF_false,stimuli//pear.bmp,stimuli//banana.bmp,stimuli//banana.bmp,2,8
Erdbeere,Banane,Erdbeere,DEF,Erdbeere,Davon hat Jan die Erdbeere bekommen.,DEF_felicitous,stimuli//strawberry.bmp,stimuli//banana.bmp,stimuli//strawberry.bmp,3,9
Erdbeere,Banane,Banane,DEF,Banane,Davon hat Jan die Banane bekommen.,DEF_infelicitous,stimuli//strawberry.bmp,stimuli//banana.bmp,stimuli//banana.bmp,5,10
Erdbeere,Banane,Erdbeere,INDEF,Erdbeere,Davon hat Jan eine Erdbeere bekommen.,INDEF_infelicitous,stimuli//strawberry.bmp,stimuli//banana.bmp,stimuli//strawberry.bmp,6,11
Erdbeere,Banane,Banane,INDEF,Banane,Davon hat Jan eine Banane bekommen.,INDEF_felicitous,stimuli//strawberry.bmp,stimuli//banana.bmp,stimuli//banana.bmp,4,12
Erdbeere,Banane,Erdbeere,DEF,Banane,Davon hat Jan die Banane bekommen.,DEF_false,stimuli//strawberry.bmp,stimuli//banana.bmp,stimuli//strawberry.bmp,1,13
Erdbeere,Banane,Banane,DEF,Erdbeere,Davon hat Jan die Erdbeere bekommen.,DEF_false,stimuli//strawberry.bmp,stimuli//banana.bmp,stimuli//banana.bmp,1,14
Erdbeere,Banane,Erdbeere,INDEF,Banane,Davon hat Jan eine Banane bekommen.,INDEF_false,stimuli//strawberry.bmp,stimuli//banana.bmp,stimuli//strawberry.bmp,2,15
Erdbeere,Banane,Banane,INDEF,Erdbeere,Davon hat Jan eine Erdbeere bekommen.,INDEF_false,stimuli//strawberry.bmp,stimuli//banana.bmp,stimuli//banana.bmp,2,16
Ananas,Banane,Ananas,DEF,Ananas,Davon hat Jan die Ananas bekommen.,DEF_felicitous,stimuli//pineapple.bmp,stimuli//banana.bmp,stimuli//pineapple.bmp,3,17
Ananas,Banane,Banane,DEF,Banane,Davon hat Jan die Banane bekommen.,DEF_infelicitous,stimuli//pineapple.bmp,stimuli//banana.bmp,stimuli//banana.bmp,5,18
Ananas,Banane,Ananas,INDEF,Ananas,Davon hat Jan eine Ananas bekommen.,INDEF_infelicitous,stimuli//pineapple.bmp,stimuli//banana.bmp,stimuli//pineapple.bmp,6,19
Ananas,Banane,Banane,INDEF,Banane,Davon hat Jan eine Banane bekommen.,INDEF_felicitous,stimuli//pineapple.bmp,stimuli//banana.bmp,stimuli//banana.bmp,4,20
Ananas,Banane,Ananas,DEF,Banane,Davon hat Jan die Banane bekommen.,DEF_false,stimuli//pineapple.bmp,stimuli//banana.bmp,stimuli//pineapple.bmp,1,21
Ananas,Banane,Banane,DEF,Ananas,Davon hat Jan die Ananas bekommen.,DEF_false,stimuli//pineapple.bmp,stimuli//banana.bmp,stimuli//banana.bmp,1,22
Ananas,Banane,Ananas,INDEF,Banane,Davon hat Jan eine Banane bekommen.,INDEF_false,stimuli//pineapple.bmp,stimuli//banana.bmp,stimuli//pineapple.bmp,2,23
Ananas,Banane,Banane,INDEF,Ananas,Davon hat Jan eine Ananas bekommen.,INDEF_false,stimuli//pineapple.bmp,stimuli//banana.bmp,stimuli//banana.bmp,2,24
Pflaume,Banane,Pflaume,DEF,Pflaume,Davon hat Jan die Pflaume bekommen.,DEF_felicitous,stimuli//plum.bmp,stimuli//banana.bmp,stimuli//plum.bmp,3,25
Pflaume,Banane,Banane,DEF,Banane,Davon hat Jan die Banane bekommen.,DEF_infelicitous,stimuli//plum.bmp,stimuli//banana.bmp,stimuli//banana.bmp,5,26
Pflaume,Banane,Pflaume,INDEF,Pflaume,Davon hat Jan eine Pflaume bekommen.,INDEF_infelicitous,stimuli//plum.bmp,stimuli//banana.bmp,stimuli//plum.bmp,6,27
Pflaume,Banane,Banane,INDEF,Banane,Davon hat Jan eine Banane bekommen.,INDEF_felicitous,stimuli//plum.bmp,stimuli//banana.bmp,stimuli//banana.bmp,4,28
Pflaume,Banane,Pflaume,DEF,Banane,Davon hat Jan die Banane bekommen.,DEF_false,stimuli//plum.bmp,stimuli//banana.bmp,stimuli//plum.bmp,1,29
Pflaume,Banane,Banane,DEF,Pflaume,Davon hat Jan die Pflaume bekommen.,DEF_false,stimuli//plum.bmp,stimuli//banana.bmp,stimuli//banana.bmp,1,30
Pflaume,Banane,Pflaume,INDEF,Banane,Davon hat Jan eine Banane bekommen.,INDEF_false,stimuli//plum.bmp,stimuli//banana.bmp,stimuli//plum.bmp,2,31
Pflaume,Banane,Banane,INDEF,Pflaume,Davon hat Jan eine Pflaume bekommen.,INDEF_false,stimuli//plum.bmp,stimuli//banana.bmp,stimuli//banana.bmp,2,32
Orange,Banane,Orange,DEF,Orange,Davon hat Jan die Orange bekommen.,DEF_felicitous,stimuli//orange.bmp,stimuli//banana.bmp,stimuli//orange.bmp,3,33
Orange,Banane,Banane,DEF,Banane,Davon hat Jan die Banane bekommen.,DEF_infelicitous,stimuli//orange.bmp,stimuli//banana.bmp,stimuli//banana.bmp,5,34
Orange,Banane,Orange,INDEF,Orange,Davon hat Jan eine Orange bekommen.,INDEF_infelicitous,stimuli//orange.bmp,stimuli//banana.bmp,stimuli//orange.bmp,6,35
Orange,Banane,Banane,INDEF,Banane,Davon hat Jan eine Banane bekommen.,INDEF_felicitous,stimuli//orange.bmp,stimuli//banana.bmp,stimuli//banana.bmp,4,36
Orange,Banane,Orange,DEF,Banane,Davon hat Jan die Banane bekommen.,DEF_false,stimuli//orange.bmp,stimuli//banana.bmp,stimuli//orange.bmp,1,37
Orange,Banane,Banane,DEF,Orange,Davon hat Jan die Orange bekommen.,DEF_false,stimuli//orange.bmp,stimuli//banana.bmp,stimuli//banana.bmp,1,38
Orange,Banane,Orange,INDEF,Banane,Davon hat Jan eine Banane bekommen.,INDEF_false,stimuli//orange.bmp,stimuli//banana.bmp,stimuli//orange.bmp,2,39
Orange,Banane,Banane,INDEF,Orange,Davon hat Jan eine Orange bekommen.,INDEF_false,stimuli//orange.bmp,stimuli//banana.bmp,stimuli//banana.bmp,2,40
Zitrone,Banane,Zitrone,DEF,Zitrone,Davon hat Jan die Zitrone bekommen.,DEF_felicitous,stimuli//lemon.bmp,stimuli//banana.bmp,stimuli//lemon.bmp,3,41
Zitrone,Banane,Banane,DEF,Banane,Davon hat Jan die Banane bekommen.,DEF_infelicitous,stimuli//lemon.bmp,stimuli//banana.bmp,stimuli//banana.bmp,5,42
Zitrone,Banane,Zitrone,INDEF,Zitrone,Davon hat Jan eine Zitrone bekommen.,INDEF_infelicitous,stimuli//lemon.bmp,stimuli//banana.bmp,stimuli//lemon.bmp,6,43
Zitrone,Banane,Banane,INDEF,Banane,Davon hat Jan eine Banane bekommen.,INDEF_felicitous,stimuli//lemon.bmp,stimuli//banana.bmp,stimuli//banana.bmp,4,44
Zitrone,Banane,Zitrone,DEF,Banane,Davon hat Jan die Banane bekommen.,DEF_false,stimuli//lemon.bmp,stimuli//banana.bmp,stimuli//lemon.bmp,1,45
Zitrone,Banane,Banane,DEF,Zitrone,Davon hat Jan die Zitrone bekommen.,DEF_false,stimuli//lemon.bmp,stimuli//banana.bmp,stimuli//banana.bmp,1,46
Zitrone,Banane,Zitrone,INDEF,Banane,Davon hat Jan eine Banane bekommen.,INDEF_false,stimuli//lemon.bmp,stimuli//banana.bmp,stimuli//lemon.bmp,2,47
Zitrone,Banane,Banane,INDEF,Zitrone,Davon hat Jan eine Zitrone bekommen.,INDEF_false,stimuli//lemon.bmp,stimuli//banana.bmp,stimuli//banana.bmp,2,48
Banane,Birne,Banane,DEF,Banane,Davon hat Jan die Banane bekommen.,DEF_felicitous,stimuli//banana.bmp,stimuli//pear.bmp,stimuli//banana.bmp,3,49
Banane,Birne,Birne,DEF,Birne,Davon hat Jan die Birne bekommen.,DEF_infelicitous,stimuli//banana.bmp,stimuli//pear.bmp,stimuli//pear.bmp,5,50
Banane,Birne,Banane,INDEF,Banane,Davon hat Jan eine Banane bekommen.,INDEF_infelicitous,stimuli//banana.bmp,stimuli//pear.bmp,stimuli//banana.bmp,6,51
Banane,Birne,Birne,INDEF,Birne,Davon hat Jan eine Birne bekommen.,INDEF_felicitous,stimuli//banana.bmp,stimuli//pear.bmp,stimuli//pear.bmp,4,52
Banane,Birne,Banane,DEF,Birne,Davon hat Jan die Birne bekommen.,DEF_false,stimuli//banana.bmp,stimuli//pear.bmp,stimuli//banana.bmp,1,53
Banane,Birne,Birne,DEF,Banane,Davon hat Jan die Banane bekommen.,DEF_false,stimuli//banana.bmp,stimuli//pear.bmp,stimuli//pear.bmp,1,54
Banane,Birne,Banane,INDEF,Birne,Davon hat Jan eine Birne bekommen.,INDEF_false,stimuli//banana.bmp,stimuli//pear.bmp,stimuli//banana.bmp,2,55
Banane,Birne,Birne,INDEF,Banane,Davon hat Jan eine Banane bekommen.,INDEF_false,stimuli//banana.bmp,stimuli//pear.bmp,stimuli//pear.bmp,2,56
Erdbeere,Birne,Erdbeere,DEF,Erdbeere,Davon hat Jan die Erdbeere bekommen.,DEF_felicitous,stimuli//strawberry.bmp,stimuli//pear.bmp,stimuli//strawberry.bmp,3,57
Erdbeere,Birne,Birne,DEF,Birne,Davon hat Jan die Birne bekommen.,DEF_infelicitous,stimuli//strawberry.bmp,stimuli//pear.bmp,stimuli//pear.bmp,5,58
Erdbeere,Birne,Erdbeere,INDEF,Erdbeere,Davon hat Jan eine Erdbeere bekommen.,INDEF_infelicitous,stimuli//strawberry.bmp,stimuli//pear.bmp,stimuli//strawberry.bmp,6,59
Erdbeere,Birne,Birne,INDEF,Birne,Davon hat Jan eine Birne bekommen.,INDEF_felicitous,stimuli//strawberry.bmp,stimuli//pear.bmp,stimuli//pear.bmp,4,60
Erdbeere,Birne,Erdbeere,DEF,Birne,Davon hat Jan die Birne bekommen.,DEF_false,stimuli//strawberry.bmp,stimuli//pear.bmp,stimuli//strawberry.bmp,1,61
Erdbeere,Birne,Birne,DEF,Erdbeere,Davon hat Jan die Erdbeere bekommen.,DEF_false,stimuli//strawberry.bmp,stimuli//pear.bmp,stimuli//pear.bmp,1,62
Erdbeere,Birne,Erdbeere,INDEF,Birne,Davon hat Jan eine Birne bekommen.,INDEF_false,stimuli//strawberry.bmp,stimuli//pear.bmp,stimuli//strawberry.bmp,2,63
Erdbeere,Birne,Birne,INDEF,Erdbeere,Davon hat Jan eine Erdbeere bekommen.,INDEF_false,stimuli//strawberry.bmp,stimuli//pear.bmp,stimuli//pear.bmp,2,64
Ananas,Birne,Ananas,DEF,Ananas,Davon hat Jan die Ananas bekommen.,DEF_felicitous,stimuli//pineapple.bmp,stimuli//pear.bmp,stimuli//pineapple.bmp,3,65
Ananas,Birne,Birne,DEF,Birne,Davon hat Jan die Birne bekommen.,DEF_infelicitous,stimuli//pineapple.bmp,stimuli//pear.bmp,stimuli//pear.bmp,5,66
Ananas,Birne,Ananas,INDEF,Ananas,Davon hat Jan eine Ananas bekommen.,INDEF_infelicitous,stimuli//pineapple.bmp,stimuli//pear.bmp,stimuli//pineapple.bmp,6,67
Ananas,Birne,Birne,INDEF,Birne,Davon hat Jan eine Birne bekommen.,INDEF_felicitous,stimuli//pineapple.bmp,stimuli//pear.bmp,stimuli//pear.bmp,4,68
Ananas,Birne,Ananas,DEF,Birne,Davon hat Jan die Birne bekommen.,DEF_false,stimuli//pineapple.bmp,stimuli//pear.bmp,stimuli//pineapple.bmp,1,69
Ananas,Birne,Birne,DEF,Ananas,Davon hat Jan die Ananas bekommen.,DEF_false,stimuli//pineapple.bmp,stimuli//pear.bmp,stimuli//pear.bmp,1,70
Ananas,Birne,Ananas,INDEF,Birne,Davon hat Jan eine Birne bekommen.,INDEF_false,stimuli//pineapple.bmp,stimuli//pear.bmp,stimuli//pineapple.bmp,2,71
Ananas,Birne,Birne,INDEF,Ananas,Davon hat Jan eine Ananas bekommen.,INDEF_false,stimuli//pineapple.bmp,stimuli//pear.bmp,stimuli//pear.bmp,2,72
Pflaume,Birne,Pflaume,DEF,Pflaume,Davon hat Jan die Pflaume bekommen.,DEF_felicitous,stimuli//plum.bmp,stimuli//pear.bmp,stimuli//plum.bmp,3,73
Pflaume,Birne,Birne,DEF,Birne,Davon hat Jan die Birne bekommen.,DEF_infelicitous,stimuli//plum.bmp,stimuli//pear.bmp,stimuli//pear.bmp,5,74
Pflaume,Birne,Pflaume,INDEF,Pflaume,Davon hat Jan eine Pflaume bekommen.,INDEF_infelicitous,stimuli//plum.bmp,stimuli//pear.bmp,stimuli//plum.bmp,6,75
Pflaume,Birne,Birne,INDEF,Birne,Davon hat Jan eine Birne bekommen.,INDEF_felicitous,stimuli//plum.bmp,stimuli//pear.bmp,stimuli//pear.bmp,4,76
Pflaume,Birne,Pflaume,DEF,Birne,Davon hat Jan die Birne bekommen.,DEF_false,stimuli//plum.bmp,stimuli//pear.bmp,stimuli//plum.bmp,1,77
Pflaume,Birne,Birne,DEF,Pflaume,Davon hat Jan die Pflaume bekommen.,DEF_false,stimuli//plum.bmp,stimuli//pear.bmp,stimuli//pear.bmp,1,78
Pflaume,Birne,Pflaume,INDEF,Birne,Davon hat Jan eine Birne bekommen.,INDEF_false,stimuli//plum.bmp,stimuli//pear.bmp,stimuli//plum.bmp,2,79
Pflaume,Birne,Birne,INDEF,Pflaume,Davon hat Jan eine Pflaume bekommen.,INDEF_false,stimuli//plum.bmp,stimuli//pear.bmp,stimuli//pear.bmp,2,80
Orange,Birne,Orange,DEF,Orange,Davon hat Jan die Orange bekommen.,DEF_felicitous,stimuli//orange.bmp,stimuli//pear.bmp,stimuli//orange.bmp,3,81
Orange,Birne,Birne,DEF,Birne,Davon hat Jan die Birne bekommen.,DEF_infelicitous,stimuli//orange.bmp,stimuli//pear.bmp,stimuli//pear.bmp,5,82
Orange,Birne,Orange,INDEF,Orange,Davon hat Jan eine Orange bekommen.,INDEF_infelicitous,stimuli//orange.bmp,stimuli//pear.bmp,stimuli//orange.bmp,6,83
Orange,Birne,Birne,INDEF,Birne,Davon hat Jan eine Birne bekommen.,INDEF_felicitous,stimuli//orange.bmp,stimuli//pear.bmp,stimuli//pear.bmp,4,84
Orange,Birne,Orange,DEF,Birne,Davon hat Jan die Birne bekommen.,DEF_false,stimuli//orange.bmp,stimuli//pear.bmp,stimuli//orange.bmp,1,85
Orange,Birne,Birne,DEF,Orange,Davon hat Jan die Orange bekommen.,DEF_false,stimuli//orange.bmp,stimuli//pear.bmp,stimuli//pear.bmp,1,86
Orange,Birne,Orange,INDEF,Birne,Davon hat Jan eine Birne bekommen.,INDEF_false,stimuli//orange.bmp,stimuli//pear.bmp,stimuli//orange.bmp,2,87
Orange,Birne,Birne,INDEF,Orange,Davon hat Jan eine Orange bekommen.,INDEF_false,stimuli//orange.bmp,stimuli//pear.bmp,stimuli//pear.bmp,2,88
Zitrone,Birne,Zitrone,DEF,Zitrone,Davon hat Jan die Zitrone bekommen.,DEF_felicitous,stimuli//lemon.bmp,stimuli//pear.bmp,stimuli//lemon.bmp,3,89
Zitrone,Birne,Birne,DEF,Birne,Davon hat Jan die Birne bekommen.,DEF_infelicitous,stimuli//lemon.bmp,stimuli//pear.bmp,stimuli//pear.bmp,5,90
Zitrone,Birne,Zitrone,INDEF,Zitrone,Davon hat Jan eine Zitrone bekommen.,INDEF_infelicitous,stimuli//lemon.bmp,stimuli//pear.bmp,stimuli//lemon.bmp,6,91
Zitrone,Birne,Birne,INDEF,Birne,Davon hat Jan eine Birne bekommen.,INDEF_felicitous,stimuli//lemon.bmp,stimuli//pear.bmp,stimuli//pear.bmp,4,92
Zitrone,Birne,Zitrone,DEF,Birne,Davon hat Jan die Birne bekommen.,DEF_false,stimuli//lemon.bmp,stimuli//pear.bmp,stimuli//lemon.bmp,1,93
Zitrone,Birne,Birne,DEF,Zitrone,Davon hat Jan die Zitrone bekommen.,DEF_false,stimuli//lemon.bmp,stimuli//pear.bmp,stimuli//pear.bmp,1,94
Zitrone,Birne,Zitrone,INDEF,Birne,Davon hat Jan eine Birne bekommen.,INDEF_false,stimuli//lemon.bmp,stimuli//pear.bmp,stimuli//lemon.bmp,2,95
Zitrone,Birne,Birne,INDEF,Zitrone,Davon hat Jan eine Zitrone bekommen.,INDEF_false,stimuli//lemon.bmp,stimuli//pear.bmp,stimuli//pear.bmp,2,96
Banane,Erdbeere,Banane,DEF,Banane,Davon hat Jan die Banane bekommen.,DEF_felicitous,stimuli//banana.bmp,stimuli//strawberry.bmp,stimuli//banana.bmp,3,97
Banane,Erdbeere,Erdbeere,DEF,Erdbeere,Davon hat Jan die Erdbeere bekommen.,DEF_infelicitous,stimuli//banana.bmp,stimuli//strawberry.bmp,stimuli//strawberry.bmp,5,98
Banane,Erdbeere,Banane,INDEF,Banane,Davon hat Jan eine Banane bekommen.,INDEF_infelicitous,stimuli//banana.bmp,stimuli//strawberry.bmp,stimuli//banana.bmp,6,99
Banane,Erdbeere,Erdbeere,INDEF,Erdbeere,Davon hat Jan eine Erdbeere bekommen.,INDEF_felicitous,stimuli//banana.bmp,stimuli//strawberry.bmp,stimuli//strawberry.bmp,4,100
Banane,Erdbeere,Banane,DEF,Erdbeere,Davon hat Jan die Erdbeere bekommen.,DEF_false,stimuli//banana.bmp,stimuli//strawberry.bmp,stimuli//banana.bmp,1,101
Banane,Erdbeere,Erdbeere,DEF,Banane,Davon hat Jan die Banane bekommen.,DEF_false,stimuli//banana.bmp,stimuli//strawberry.bmp,stimuli//strawberry.bmp,1,102
Banane,Erdbeere,Banane,INDEF,Erdbeere,Davon hat Jan eine Erdbeere bekommen.,INDEF_false,stimuli//banana.bmp,stimuli//strawberry.bmp,stimuli//banana.bmp,2,103
Banane,Erdbeere,Erdbeere,INDEF,Banane,Davon hat Jan eine Banane bekommen.,INDEF_false,stimuli//banana.bmp,stimuli//strawberry.bmp,stimuli//strawberry.bmp,2,104
Birne,Erdbeere,Birne,DEF,Birne,Davon hat Jan die Birne bekommen.,DEF_felicitous,stimuli//pear.bmp,stimuli//strawberry.bmp,stimuli//pear.bmp,3,105
Birne,Erdbeere,Erdbeere,DEF,Erdbeere,Davon hat Jan die Erdbeere bekommen.,DEF_infelicitous,stimuli//pear.bmp,stimuli//strawberry.bmp,stimuli//strawberry.bmp,5,106
Birne,Erdbeere,Birne,INDEF,Birne,Davon hat Jan eine Birne bekommen.,INDEF_infelicitous,stimuli//pear.bmp,stimuli//strawberry.bmp,stimuli//pear.bmp,6,107
Birne,Erdbeere,Erdbeere,INDEF,Erdbeere,Davon hat Jan eine Erdbeere bekommen.,INDEF_felicitous,stimuli//pear.bmp,stimuli//strawberry.bmp,stimuli//strawberry.bmp,4,108
Birne,Erdbeere,Birne,DEF,Erdbeere,Davon hat Jan die Erdbeere bekommen.,DEF_false,stimuli//pear.bmp,stimuli//strawberry.bmp,stimuli//pear.bmp,1,109
Birne,Erdbeere,Erdbeere,DEF,Birne,Davon hat Jan die Birne bekommen.,DEF_false,stimuli//pear.bmp,stimuli//strawberry.bmp,stimuli//strawberry.bmp,1,110
Birne,Erdbeere,Birne,INDEF,Erdbeere,Davon hat Jan eine Erdbeere bekommen.,INDEF_false,stimuli//pear.bmp,stimuli//strawberry.bmp,stimuli//pear.bmp,2,111
Birne,Erdbeere,Erdbeere,INDEF,Birne,Davon hat Jan eine Birne bekommen.,INDEF_false,stimuli//pear.bmp,stimuli//strawberry.bmp,stimuli//strawberry.bmp,2,112
Ananas,Erdbeere,Ananas,DEF,Ananas,Davon hat Jan die Ananas bekommen.,DEF_felicitous,stimuli//pineapple.bmp,stimuli//strawberry.bmp,stimuli//pineapple.bmp,3,113
Ananas,Erdbeere,Erdbeere,DEF,Erdbeere,Davon hat Jan die Erdbeere bekommen.,DEF_infelicitous,stimuli//pineapple.bmp,stimuli//strawberry.bmp,stimuli//strawberry.bmp,5,114
Ananas,Erdbeere,Ananas,INDEF,Ananas,Davon hat Jan eine Ananas bekommen.,INDEF_infelicitous,stimuli//pineapple.bmp,stimuli//strawberry.bmp,stimuli//pineapple.bmp,6,115
Ananas,Erdbeere,Erdbeere,INDEF,Erdbeere,Davon hat Jan eine Erdbeere bekommen.,INDEF_felicitous,stimuli//pineapple.bmp,stimuli//strawberry.bmp,stimuli//strawberry.bmp,4,116
Ananas,Erdbeere,Ananas,DEF,Erdbeere,Davon hat Jan die Erdbeere bekommen.,DEF_false,stimuli//pineapple.bmp,stimuli//strawberry.bmp,stimuli//pineapple.bmp,1,117
Ananas,Erdbeere,Erdbeere,DEF,Ananas,Davon hat Jan die Ananas bekommen.,DEF_false,stimuli//pineapple.bmp,stimuli//strawberry.bmp,stimuli//strawberry.bmp,1,118
Ananas,Erdbeere,Ananas,INDEF,Erdbeere,Davon hat Jan eine Erdbeere bekommen.,INDEF_false,stimuli//pineapple.bmp,stimuli//strawberry.bmp,stimuli//pineapple.bmp,2,119
Ananas,Erdbeere,Erdbeere,INDEF,Ananas,Davon hat Jan eine Ananas bekommen.,INDEF_false,stimuli//pineapple.bmp,stimuli//strawberry.bmp,stimuli//strawberry.bmp,2,120
Pflaume,Erdbeere,Pflaume,DEF,Pflaume,Davon hat Jan die Pflaume bekommen.,DEF_felicitous,stimuli//plum.bmp,stimuli//strawberry.bmp,stimuli//plum.bmp,3,121
Pflaume,Erdbeere,Erdbeere,DEF,Erdbeere,Davon hat Jan die Erdbeere bekommen.,DEF_infelicitous,stimuli//plum.bmp,stimuli//strawberry.bmp,stimuli//strawberry.bmp,5,122
Pflaume,Erdbeere,Pflaume,INDEF,Pflaume,Davon hat Jan eine Pflaume bekommen.,INDEF_infelicitous,stimuli//plum.bmp,stimuli//strawberry.bmp,stimuli//plum.bmp,6,123
Pflaume,Erdbeere,Erdbeere,INDEF,Erdbeere,Davon hat Jan eine Erdbeere bekommen.,INDEF_felicitous,stimuli//plum.bmp,stimuli//strawberry.bmp,stimuli//strawberry.bmp,4,124
Pflaume,Erdbeere,Pflaume,DEF,Erdbeere,Davon hat Jan die Erdbeere bekommen.,DEF_false,stimuli//plum.bmp,stimuli//strawberry.bmp,stimuli//plum.bmp,1,125
Pflaume,Erdbeere,Erdbeere,DEF,Pflaume,Davon hat Jan die Pflaume bekommen.,DEF_false,stimuli//plum.bmp,stimuli//strawberry.bmp,stimuli//strawberry.bmp,1,126
Pflaume,Erdbeere,Pflaume,INDEF,Erdbeere,Davon hat Jan eine Erdbeere bekommen.,INDEF_false,stimuli//plum.bmp,stimuli//strawberry.bmp,stimuli//plum.bmp,2,127
Pflaume,Erdbeere,Erdbeere,INDEF,Pflaume,Davon hat Jan eine Pflaume bekommen.,INDEF_false,stimuli//plum.bmp,stimuli//strawberry.bmp,stimuli//strawberry.bmp,2,128
Orange,Erdbeere,Orange,DEF,Orange,Davon hat Jan die Orange bekommen.,DEF_felicitous,stimuli//orange.bmp,stimuli//strawberry.bmp,stimuli//orange.bmp,3,129
Orange,Erdbeere,Erdbeere,DEF,Erdbeere,Davon hat Jan die Erdbeere bekommen.,DEF_infelicitous,stimuli//orange.bmp,stimuli//strawberry.bmp,stimuli//strawberry.bmp,5,130
Orange,Erdbeere,Orange,INDEF,Orange,Davon hat Jan eine Orange bekommen.,INDEF_infelicitous,stimuli//orange.bmp,stimuli//strawberry.bmp,stimuli//orange.bmp,6,131
Orange,Erdbeere,Erdbeere,INDEF,Erdbeere,Davon hat Jan eine Erdbeere bekommen.,INDEF_felicitous,stimuli//orange.bmp,stimuli//strawberry.bmp,stimuli//strawberry.bmp,4,132
Orange,Erdbeere,Orange,DEF,Erdbeere,Davon hat Jan die Erdbeere bekommen.,DEF_false,stimuli//orange.bmp,stimuli//strawberry.bmp,stimuli//orange.bmp,1,133
Orange,Erdbeere,Erdbeere,DEF,Orange,Davon hat Jan die Orange bekommen.,DEF_false,stimuli//orange.bmp,stimuli//strawberry.bmp,stimuli//strawberry.bmp,1,134
Orange,Erdbeere,Orange,INDEF,Erdbeere,Davon hat Jan eine Erdbeere bekommen.,INDEF_false,stimuli//orange.bmp,stimuli//strawberry.bmp,stimuli//orange.bmp,2,135
Orange,Erdbeere,Erdbeere,INDEF,Orange,Davon hat Jan eine Orange bekommen.,INDEF_false,stimuli//orange.bmp,stimuli//strawberry.bmp,stimuli//strawberry.bmp,2,136
Zitrone,Erdbeere,Zitrone,DEF,Zitrone,Davon hat Jan die Zitrone bekommen.,DEF_felicitous,stimuli//lemon.bmp,stimuli//strawberry.bmp,stimuli//lemon.bmp,3,137
Zitrone,Erdbeere,Erdbeere,DEF,Erdbeere,Davon hat Jan die Erdbeere bekommen.,DEF_infelicitous,stimuli//lemon.bmp,stimuli//strawberry.bmp,stimuli//strawberry.bmp,5,138
Zitrone,Erdbeere,Zitrone,INDEF,Zitrone,Davon hat Jan eine Zitrone bekommen.,INDEF_infelicitous,stimuli//lemon.bmp,stimuli//strawberry.bmp,stimuli//lemon.bmp,6,139
Zitrone,Erdbeere,Erdbeere,INDEF,Erdbeere,Davon hat Jan eine Erdbeere bekommen.,INDEF_felicitous,stimuli//lemon.bmp,stimuli//strawberry.bmp,stimuli//strawberry.bmp,4,140
Zitrone,Erdbeere,Zitrone,DEF,Erdbeere,Davon hat Jan die Erdbeere bekommen.,DEF_false,stimuli//lemon.bmp,stimuli//strawberry.bmp,stimuli//lemon.bmp,1,141
Zitrone,Erdbeere,Erdbeere,DEF,Zitrone,Davon hat Jan die Zitrone bekommen.,DEF_false,stimuli//lemon.bmp,stimuli//strawberry.bmp,stimuli//strawberry.bmp,1,142
Zitrone,Erdbeere,Zitrone,INDEF,Erdbeere,Davon hat Jan eine Erdbeere bekommen.,INDEF_false,stimuli//lemon.bmp,stimuli//strawberry.bmp,stimuli//lemon.bmp,2,143
Zitrone,Erdbeere,Erdbeere,INDEF,Zitrone,Davon hat Jan eine Zitrone bekommen.,INDEF_false,stimuli//lemon.bmp,stimuli//strawberry.bmp,stimuli//strawberry.bmp,2,144
Banane,Ananas,Banane,DEF,Banane,Davon hat Jan die Banane bekommen.,DEF_felicitous,stimuli//banana.bmp,stimuli//pineapple.bmp,stimuli//banana.bmp,3,145
Banane,Ananas,Ananas,DEF,Ananas,Davon hat Jan die Ananas bekommen.,DEF_infelicitous,stimuli//banana.bmp,stimuli//pineapple.bmp,stimuli//pineapple.bmp,5,146
Banane,Ananas,Banane,INDEF,Banane,Davon hat Jan eine Banane bekommen.,INDEF_infelicitous,stimuli//banana.bmp,stimuli//pineapple.bmp,stimuli//banana.bmp,6,147
Banane,Ananas,Ananas,INDEF,Ananas,Davon hat Jan eine Ananas bekommen.,INDEF_felicitous,stimuli//banana.bmp,stimuli//pineapple.bmp,stimuli//pineapple.bmp,4,148
Banane,Ananas,Banane,DEF,Ananas,Davon hat Jan die Ananas bekommen.,DEF_false,stimuli//banana.bmp,stimuli//pineapple.bmp,stimuli//banana.bmp,1,149
Banane,Ananas,Ananas,DEF,Banane,Davon hat Jan die Banane bekommen.,DEF_false,stimuli//banana.bmp,stimuli//pineapple.bmp,stimuli//pineapple.bmp,1,150
Banane,Ananas,Banane,INDEF,Ananas,Davon hat Jan eine Ananas bekommen.,INDEF_false,stimuli//banana.bmp,stimuli//pineapple.bmp,stimuli//banana.bmp,2,151
Banane,Ananas,Ananas,INDEF,Banane,Davon hat Jan eine Banane bekommen.,INDEF_false,stimuli//banana.bmp,stimuli//pineapple.bmp,stimuli//pineapple.bmp,2,152
Birne,Ananas,Birne,DEF,Birne,Davon hat Jan die Birne bekommen.,DEF_felicitous,stimuli//pear.bmp,stimuli//pineapple.bmp,stimuli//pear.bmp,3,153
Birne,Ananas,Ananas,DEF,Ananas,Davon hat Jan die Ananas bekommen.,DEF_infelicitous,stimuli//pear.bmp,stimuli//pineapple.bmp,stimuli//pineapple.bmp,5,154
Birne,Ananas,Birne,INDEF,Birne,Davon hat Jan eine Birne bekommen.,INDEF_infelicitous,stimuli//pear.bmp,stimuli//pineapple.bmp,stimuli//pear.bmp,6,155
Birne,Ananas,Ananas,INDEF,Ananas,Davon hat Jan eine Ananas bekommen.,INDEF_felicitous,stimuli//pear.bmp,stimuli//pineapple.bmp,stimuli//pineapple.bmp,4,156
Birne,Ananas,Birne,DEF,Ananas,Davon hat Jan die Ananas bekommen.,DEF_false,stimuli//pear.bmp,stimuli//pineapple.bmp,stimuli//pear.bmp,1,157
Birne,Ananas,Ananas,DEF,Birne,Davon hat Jan die Birne bekommen.,DEF_false,stimuli//pear.bmp,stimuli//pineapple.bmp,stimuli//pineapple.bmp,1,158
Birne,Ananas,Birne,INDEF,Ananas,Davon hat Jan eine Ananas bekommen.,INDEF_false,stimuli//pear.bmp,stimuli//pineapple.bmp,stimuli//pear.bmp,2,159
Birne,Ananas,Ananas,INDEF,Birne,Davon hat Jan eine Birne bekommen.,INDEF_false,stimuli//pear.bmp,stimuli//pineapple.bmp,stimuli//pineapple.bmp,2,160
Erdbeere,Ananas,Erdbeere,DEF,Erdbeere,Davon hat Jan die Erdbeere bekommen.,DEF_felicitous,stimuli//strawberry.bmp,stimuli//pineapple.bmp,stimuli//strawberry.bmp,3,161
Erdbeere,Ananas,Ananas,DEF,Ananas,Davon hat Jan die Ananas bekommen.,DEF_infelicitous,stimuli//strawberry.bmp,stimuli//pineapple.bmp,stimuli//pineapple.bmp,5,162
Erdbeere,Ananas,Erdbeere,INDEF,Erdbeere,Davon hat Jan eine Erdbeere bekommen.,INDEF_infelicitous,stimuli//strawberry.bmp,stimuli//pineapple.bmp,stimuli//strawberry.bmp,6,163
Erdbeere,Ananas,Ananas,INDEF,Ananas,Davon hat Jan eine Ananas bekommen.,INDEF_felicitous,stimuli//strawberry.bmp,stimuli//pineapple.bmp,stimuli//pineapple.bmp,4,164
Erdbeere,Ananas,Erdbeere,DEF,Ananas,Davon hat Jan die Ananas bekommen.,DEF_false,stimuli//strawberry.bmp,stimuli//pineapple.bmp,stimuli//strawberry.bmp,1,165
Erdbeere,Ananas,Ananas,DEF,Erdbeere,Davon hat Jan die Erdbeere bekommen.,DEF_false,stimuli//strawberry.bmp,stimuli//pineapple.bmp,stimuli//pineapple.bmp,1,166
Erdbeere,Ananas,Erdbeere,INDEF,Ananas,Davon hat Jan eine Ananas bekommen.,INDEF_false,stimuli//strawberry.bmp,stimuli//pineapple.bmp,stimuli//strawberry.bmp,2,167
Erdbeere,Ananas,Ananas,INDEF,Erdbeere,Davon hat Jan eine Erdbeere bekommen.,INDEF_false,stimuli//strawberry.bmp,stimuli//pineapple.bmp,stimuli//pineapple.bmp,2,168
Pflaume,Ananas,Pflaume,DEF,Pflaume,Davon hat Jan die Pflaume bekommen.,DEF_felicitous,stimuli//plum.bmp,stimuli//pineapple.bmp,stimuli//plum.bmp,3,169
Pflaume,Ananas,Ananas,DEF,Ananas,Davon hat Jan die Ananas bekommen.,DEF_infelicitous,stimuli//plum.bmp,stimuli//pineapple.bmp,stimuli//pineapple.bmp,5,170
Pflaume,Ananas,Pflaume,INDEF,Pflaume,Davon hat Jan eine Pflaume bekommen.,INDEF_infelicitous,stimuli//plum.bmp,stimuli//pineapple.bmp,stimuli//plum.bmp,6,171
Pflaume,Ananas,Ananas,INDEF,Ananas,Davon hat Jan eine Ananas bekommen.,INDEF_felicitous,stimuli//plum.bmp,stimuli//pineapple.bmp,stimuli//pineapple.bmp,4,172
Pflaume,Ananas,Pflaume,DEF,Ananas,Davon hat Jan die Ananas bekommen.,DEF_false,stimuli//plum.bmp,stimuli//pineapple.bmp,stimuli//plum.bmp,1,173
Pflaume,Ananas,Ananas,DEF,Pflaume,Davon hat Jan die Pflaume bekommen.,DEF_false,stimuli//plum.bmp,stimuli//pineapple.bmp,stimuli//pineapple.bmp,1,174
Pflaume,Ananas,Pflaume,INDEF,Ananas,Davon hat Jan eine Ananas bekommen.,INDEF_false,stimuli//plum.bmp,stimuli//pineapple.bmp,stimuli//plum.bmp,2,175
Pflaume,Ananas,Ananas,INDEF,Pflaume,Davon hat Jan eine Pflaume bekommen.,INDEF_false,stimuli//plum.bmp,stimuli//pineapple.bmp,stimuli//pineapple.bmp,2,176
Orange,Ananas,Orange,DEF,Orange,Davon hat Jan die Orange bekommen.,DEF_felicitous,stimuli//orange.bmp,stimuli//pineapple.bmp,stimuli//orange.bmp,3,177
Orange,Ananas,Ananas,DEF,Ananas,Davon hat Jan die Ananas bekommen.,DEF_infelicitous,stimuli//orange.bmp,stimuli//pineapple.bmp,stimuli//pineapple.bmp,5,178
Orange,Ananas,Orange,INDEF,Orange,Davon hat Jan eine Orange bekommen.,INDEF_infelicitous,stimuli//orange.bmp,stimuli//pineapple.bmp,stimuli//orange.bmp,6,179
Orange,Ananas,Ananas,INDEF,Ananas,Davon hat Jan eine Ananas bekommen.,INDEF_felicitous,stimuli//orange.bmp,stimuli//pineapple.bmp,stimuli//pineapple.bmp,4,180
Orange,Ananas,Orange,DEF,Ananas,Davon hat Jan die Ananas bekommen.,DEF_false,stimuli//orange.bmp,stimuli//pineapple.bmp,stimuli//orange.bmp,1,181
Orange,Ananas,Ananas,DEF,Orange,Davon hat Jan die Orange bekommen.,DEF_false,stimuli//orange.bmp,stimuli//pineapple.bmp,stimuli//pineapple.bmp,1,182
Orange,Ananas,Orange,INDEF,Ananas,Davon hat Jan eine Ananas bekommen.,INDEF_false,stimuli//orange.bmp,stimuli//pineapple.bmp,stimuli//orange.bmp,2,183
Orange,Ananas,Ananas,INDEF,Orange,Davon hat Jan eine Orange bekommen.,INDEF_false,stimuli//orange.bmp,stimuli//pineapple.bmp,stimuli//pineapple.bmp,2,184
Zitrone,Ananas,Zitrone,DEF,Zitrone,Davon hat Jan die Zitrone bekommen.,DEF_felicitous,stimuli//lemon.bmp,stimuli//pineapple.bmp,stimuli//lemon.bmp,3,185
Zitrone,Ananas,Ananas,DEF,Ananas,Davon hat Jan die Ananas bekommen.,DEF_infelicitous,stimuli//lemon.bmp,stimuli//pineapple.bmp,stimuli//pineapple.bmp,5,186
Zitrone,Ananas,Zitrone,INDEF,Zitrone,Davon hat Jan eine Zitrone bekommen.,INDEF_infelicitous,stimuli//lemon.bmp,stimuli//pineapple.bmp,stimuli//lemon.bmp,6,187
Zitrone,Ananas,Ananas,INDEF,Ananas,Davon hat Jan eine Ananas bekommen.,INDEF_felicitous,stimuli//lemon.bmp,stimuli//pineapple.bmp,stimuli//pineapple.bmp,4,188
Zitrone,Ananas,Zitrone,DEF,Ananas,Davon hat Jan die Ananas bekommen.,DEF_false,stimuli//lemon.bmp,stimuli//pineapple.bmp,stimuli//lemon.bmp,1,189
Zitrone,Ananas,Ananas,DEF,Zitrone,Davon hat Jan die Zitrone bekommen.,DEF_false,stimuli//lemon.bmp,stimuli//pineapple.bmp,stimuli//pineapple.bmp,1,190
Zitrone,Ananas,Zitrone,INDEF,Ananas,Davon hat Jan eine Ananas bekommen.,INDEF_false,stimuli//lemon.bmp,stimuli//pineapple.bmp,stimuli//lemon.bmp,2,191
Zitrone,Ananas,Ananas,INDEF,Zitrone,Davon hat Jan eine Zitrone bekommen.,INDEF_false,stimuli//lemon.bmp,stimuli//pineapple.bmp,stimuli//pineapple.bmp,2,192
Banane,Pflaume,Banane,DEF,Banane,Davon hat Jan die Banane bekommen.,DEF_felicitous,stimuli//banana.bmp,stimuli//plum.bmp,stimuli//banana.bmp,3,193
Banane,Pflaume,Pflaume,DEF,Pflaume,Davon hat Jan die Pflaume bekommen.,DEF_infelicitous,stimuli//banana.bmp,stimuli//plum.bmp,stimuli//plum.bmp,5,194
Banane,Pflaume,Banane,INDEF,Banane,Davon hat Jan eine Banane bekommen.,INDEF_infelicitous,stimuli//banana.bmp,stimuli//plum.bmp,stimuli//banana.bmp,6,195
Banane,Pflaume,Pflaume,INDEF,Pflaume,Davon hat Jan eine Pflaume bekommen.,INDEF_felicitous,stimuli//banana.bmp,stimuli//plum.bmp,stimuli//plum.bmp,4,196
Banane,Pflaume,Banane,DEF,Pflaume,Davon hat Jan die Pflaume bekommen.,DEF_false,stimuli//banana.bmp,stimuli//plum.bmp,stimuli//banana.bmp,1,197
Banane,Pflaume,Pflaume,DEF,Banane,Davon hat Jan die Banane bekommen.,DEF_false,stimuli//banana.bmp,stimuli//plum.bmp,stimuli//plum.bmp,1,198
Banane,Pflaume,Banane,INDEF,Pflaume,Davon hat Jan eine Pflaume bekommen.,INDEF_false,stimuli//banana.bmp,stimuli//plum.bmp,stimuli//banana.bmp,2,199
Banane,Pflaume,Pflaume,INDEF,Banane,Davon hat Jan eine Banane bekommen.,INDEF_false,stimuli//banana.bmp,stimuli//plum.bmp,stimuli//plum.bmp,2,200
Birne,Pflaume,Birne,DEF,Birne,Davon hat Jan die Birne bekommen.,DEF_felicitous,stimuli//pear.bmp,stimuli//plum.bmp,stimuli//pear.bmp,3,201
Birne,Pflaume,Pflaume,DEF,Pflaume,Davon hat Jan die Pflaume bekommen.,DEF_infelicitous,stimuli//pear.bmp,stimuli//plum.bmp,stimuli//plum.bmp,5,202
Birne,Pflaume,Birne,INDEF,Birne,Davon hat Jan eine Birne bekommen.,INDEF_infelicitous,stimuli//pear.bmp,stimuli//plum.bmp,stimuli//pear.bmp,6,203
Birne,Pflaume,Pflaume,INDEF,Pflaume,Davon hat Jan eine Pflaume bekommen.,INDEF_felicitous,stimuli//pear.bmp,stimuli//plum.bmp,stimuli//plum.bmp,4,204
Birne,Pflaume,Birne,DEF,Pflaume,Davon hat Jan die Pflaume bekommen.,DEF_false,stimuli//pear.bmp,stimuli//plum.bmp,stimuli//pear.bmp,1,205
Birne,Pflaume,Pflaume,DEF,Birne,Davon hat Jan die Birne bekommen.,DEF_false,stimuli//pear.bmp,stimuli//plum.bmp,stimuli//plum.bmp,1,206
Birne,Pflaume,Birne,INDEF,Pflaume,Davon hat Jan eine Pflaume bekommen.,INDEF_false,stimuli//pear.bmp,stimuli//plum.bmp,stimuli//pear.bmp,2,207
Birne,Pflaume,Pflaume,INDEF,Birne,Davon hat Jan eine Birne bekommen.,INDEF_false,stimuli//pear.bmp,stimuli//plum.bmp,stimuli//plum.bmp,2,208
Erdbeere,Pflaume,Erdbeere,DEF,Erdbeere,Davon hat Jan die Erdbeere bekommen.,DEF_felicitous,stimuli//strawberry.bmp,stimuli//plum.bmp,stimuli//strawberry.bmp,3,209
Erdbeere,Pflaume,Pflaume,DEF,Pflaume,Davon hat Jan die Pflaume bekommen.,DEF_infelicitous,stimuli//strawberry.bmp,stimuli//plum.bmp,stimuli//plum.bmp,5,210
Erdbeere,Pflaume,Erdbeere,INDEF,Erdbeere,Davon hat Jan eine Erdbeere bekommen.,INDEF_infelicitous,stimuli//strawberry.bmp,stimuli//plum.bmp,stimuli//strawberry.bmp,6,211
Erdbeere,Pflaume,Pflaume,INDEF,Pflaume,Davon hat Jan eine Pflaume bekommen.,INDEF_felicitous,stimuli//strawberry.bmp,stimuli//plum.bmp,stimuli//plum.bmp,4,212
Erdbeere,Pflaume,Erdbeere,DEF,Pflaume,Davon hat Jan die Pflaume bekommen.,DEF_false,stimuli//strawberry.bmp,stimuli//plum.bmp,stimuli//strawberry.bmp,1,213
Erdbeere,Pflaume,Pflaume,DEF,Erdbeere,Davon hat Jan die Erdbeere bekommen.,DEF_false,stimuli//strawberry.bmp,stimuli//plum.bmp,stimuli//plum.bmp,1,214
Erdbeere,Pflaume,Erdbeere,INDEF,Pflaume,Davon hat Jan eine Pflaume bekommen.,INDEF_false,stimuli//strawberry.bmp,stimuli//plum.bmp,stimuli//strawberry.bmp,2,215
Erdbeere,Pflaume,Pflaume,INDEF,Erdbeere,Davon hat Jan eine Erdbeere bekommen.,INDEF_false,stimuli//strawberry.bmp,stimuli//plum.bmp,stimuli//plum.bmp,2,216
Ananas,Pflaume,Ananas,DEF,Ananas,Davon hat Jan die Ananas bekommen.,DEF_felicitous,stimuli//pineapple.bmp,stimuli//plum.bmp,stimuli//pineapple.bmp,3,217
Ananas,Pflaume,Pflaume,DEF,Pflaume,Davon hat Jan die Pflaume bekommen.,DEF_infelicitous,stimuli//pineapple.bmp,stimuli//plum.bmp,stimuli//plum.bmp,5,218
Ananas,Pflaume,Ananas,INDEF,Ananas,Davon hat Jan eine Ananas bekommen.,INDEF_infelicitous,stimuli//pineapple.bmp,stimuli//plum.bmp,stimuli//pineapple.bmp,6,219
Ananas,Pflaume,Pflaume,INDEF,Pflaume,Davon hat Jan eine Pflaume bekommen.,INDEF_felicitous,stimuli//pineapple.bmp,stimuli//plum.bmp,stimuli//plum.bmp,4,220
Ananas,Pflaume,Ananas,DEF,Pflaume,Davon hat Jan die Pflaume bekommen.,DEF_false,stimuli//pineapple.bmp,stimuli//plum.bmp,stimuli//pineapple.bmp,1,221
Ananas,Pflaume,Pflaume,DEF,Ananas,Davon hat Jan die Ananas bekommen.,DEF_false,stimuli//pineapple.bmp,stimuli//plum.bmp,stimuli//plum.bmp,1,222
Ananas,Pflaume,Ananas,INDEF,Pflaume,Davon hat Jan eine Pflaume bekommen.,INDEF_false,stimuli//pineapple.bmp,stimuli//plum.bmp,stimuli//pineapple.bmp,2,223
Ananas,Pflaume,Pflaume,INDEF,Ananas,Davon hat Jan eine Ananas bekommen.,INDEF_false,stimuli//pineapple.bmp,stimuli//plum.bmp,stimuli//plum.bmp,2,224
Orange,Pflaume,Orange,DEF,Orange,Davon hat Jan die Orange bekommen.,DEF_felicitous,stimuli//orange.bmp,stimuli//plum.bmp,stimuli//orange.bmp,3,225
Orange,Pflaume,Pflaume,DEF,Pflaume,Davon hat Jan die Pflaume bekommen.,DEF_infelicitous,stimuli//orange.bmp,stimuli//plum.bmp,stimuli//plum.bmp,5,226
Orange,Pflaume,Orange,INDEF,Orange,Davon hat Jan eine Orange bekommen.,INDEF_infelicitous,stimuli//orange.bmp,stimuli//plum.bmp,stimuli//orange.bmp,6,227
Orange,Pflaume,Pflaume,INDEF,Pflaume,Davon hat Jan eine Pflaume bekommen.,INDEF_felicitous,stimuli//orange.bmp,stimuli//plum.bmp,stimuli//plum.bmp,4,228
Orange,Pflaume,Orange,DEF,Pflaume,Davon hat Jan die Pflaume bekommen.,DEF_false,stimuli//orange.bmp,stimuli//plum.bmp,stimuli//orange.bmp,1,229
Orange,Pflaume,Pflaume,DEF,Orange,Davon hat Jan die Orange bekommen.,DEF_false,stimuli//orange.bmp,stimuli//plum.bmp,stimuli//plum.bmp,1,230
Orange,Pflaume,Orange,INDEF,Pflaume,Davon hat Jan eine Pflaume bekommen.,INDEF_false,stimuli//orange.bmp,stimuli//plum.bmp,stimuli//orange.bmp,2,231
Orange,Pflaume,Pflaume,INDEF,Orange,Davon hat Jan eine Orange bekommen.,INDEF_false,stimuli//orange.bmp,stimuli//plum.bmp,stimuli//plum.bmp,2,232
Zitrone,Pflaume,Zitrone,DEF,Zitrone,Davon hat Jan die Zitrone bekommen.,DEF_felicitous,stimuli//lemon.bmp,stimuli//plum.bmp,stimuli//lemon.bmp,3,233
Zitrone,Pflaume,Pflaume,DEF,Pflaume,Davon hat Jan die Pflaume bekommen.,DEF_infelicitous,stimuli//lemon.bmp,stimuli//plum.bmp,stimuli//plum.bmp,5,234
Zitrone,Pflaume,Zitrone,INDEF,Zitrone,Davon hat Jan eine Zitrone bekommen.,INDEF_infelicitous,stimuli//lemon.bmp,stimuli//plum.bmp,stimuli//lemon.bmp,6,235
Zitrone,Pflaume,Pflaume,INDEF,Pflaume,Davon hat Jan eine Pflaume bekommen.,INDEF_felicitous,stimuli//lemon.bmp,stimuli//plum.bmp,stimuli//plum.bmp,4,236
Zitrone,Pflaume,Zitrone,DEF,Pflaume,Davon hat Jan die Pflaume bekommen.,DEF_false,stimuli//lemon.bmp,stimuli//plum.bmp,stimuli//lemon.bmp,1,237
Zitrone,Pflaume,Pflaume,DEF,Zitrone,Davon hat Jan die Zitrone bekommen.,DEF_false,stimuli//lemon.bmp,stimuli//plum.bmp,stimuli//plum.bmp,1,238
Zitrone,Pflaume,Zitrone,INDEF,Pflaume,Davon hat Jan eine Pflaume bekommen.,INDEF_false,stimuli//lemon.bmp,stimuli//plum.bmp,stimuli//lemon.bmp,2,239
Zitrone,Pflaume,Pflaume,INDEF,Zitrone,Davon hat Jan eine Zitrone bekommen.,INDEF_false,stimuli//lemon.bmp,stimuli//plum.bmp,stimuli//plum.bmp,2,240
Banane,Orange,Banane,DEF,Banane,Davon hat Jan die Banane bekommen.,DEF_felicitous,stimuli//banana.bmp,stimuli//orange.bmp,stimuli//banana.bmp,3,241
Banane,Orange,Orange,DEF,Orange,Davon hat Jan die Orange bekommen.,DEF_infelicitous,stimuli//banana.bmp,stimuli//orange.bmp,stimuli//orange.bmp,5,242
Banane,Orange,Banane,INDEF,Banane,Davon hat Jan eine Banane bekommen.,INDEF_infelicitous,stimuli//banana.bmp,stimuli//orange.bmp,stimuli//banana.bmp,6,243
Banane,Orange,Orange,INDEF,Orange,Davon hat Jan eine Orange bekommen.,INDEF_felicitous,stimuli//banana.bmp,stimuli//orange.bmp,stimuli//orange.bmp,4,244
Banane,Orange,Banane,DEF,Orange,Davon hat Jan die Orange bekommen.,DEF_false,stimuli//banana.bmp,stimuli//orange.bmp,stimuli//banana.bmp,1,245
Banane,Orange,Orange,DEF,Banane,Davon hat Jan die Banane bekommen.,DEF_false,stimuli//banana.bmp,stimuli//orange.bmp,stimuli//orange.bmp,1,246
Banane,Orange,Banane,INDEF,Orange,Davon hat Jan eine Orange bekommen.,INDEF_false,stimuli//banana.bmp,stimuli//orange.bmp,stimuli//banana.bmp,2,247
Banane,Orange,Orange,INDEF,Banane,Davon hat Jan eine Banane bekommen.,INDEF_false,stimuli//banana.bmp,stimuli//orange.bmp,stimuli//orange.bmp,2,248
Birne,Orange,Birne,DEF,Birne,Davon hat Jan die Birne bekommen.,DEF_felicitous,stimuli//pear.bmp,stimuli//orange.bmp,stimuli//pear.bmp,3,249
Birne,Orange,Orange,DEF,Orange,Davon hat Jan die Orange bekommen.,DEF_infelicitous,stimuli//pear.bmp,stimuli//orange.bmp,stimuli//orange.bmp,5,250
Birne,Orange,Birne,INDEF,Birne,Davon hat Jan eine Birne bekommen.,INDEF_infelicitous,stimuli//pear.bmp,stimuli//orange.bmp,stimuli//pear.bmp,6,251
Birne,Orange,Orange,INDEF,Orange,Davon hat Jan eine Orange bekommen.,INDEF_felicitous,stimuli//pear.bmp,stimuli//orange.bmp,stimuli//orange.bmp,4,252
Birne,Orange,Birne,DEF,Orange,Davon hat Jan die Orange bekommen.,DEF_false,stimuli//pear.bmp,stimuli//orange.bmp,stimuli//pear.bmp,1,253
Birne,Orange,Orange,DEF,Birne,Davon hat Jan die Birne bekommen.,DEF_false,stimuli//pear.bmp,stimuli//orange.bmp,stimuli//orange.bmp,1,254
Birne,Orange,Birne,INDEF,Orange,Davon hat Jan eine Orange bekommen.,INDEF_false,stimuli//pear.bmp,stimuli//orange.bmp,stimuli//pear.bmp,2,255
Birne,Orange,Orange,INDEF,Birne,Davon hat Jan eine Birne bekommen.,INDEF_false,stimuli//pear.bmp,stimuli//orange.bmp,stimuli//orange.bmp,2,256
Erdbeere,Orange,Erdbeere,DEF,Erdbeere,Davon hat Jan die Erdbeere bekommen.,DEF_felicitous,stimuli//strawberry.bmp,stimuli//orange.bmp,stimuli//strawberry.bmp,3,257
Erdbeere,Orange,Orange,DEF,Orange,Davon hat Jan die Orange bekommen.,DEF_infelicitous,stimuli//strawberry.bmp,stimuli//orange.bmp,stimuli//orange.bmp,5,258
Erdbeere,Orange,Erdbeere,INDEF,Erdbeere,Davon hat Jan eine Erdbeere bekommen.,INDEF_infelicitous,stimuli//strawberry.bmp,stimuli//orange.bmp,stimuli//strawberry.bmp,6,259
Erdbeere,Orange,Orange,INDEF,Orange,Davon hat Jan eine Orange bekommen.,INDEF_felicitous,stimuli//strawberry.bmp,stimuli//orange.bmp,stimuli//orange.bmp,4,260
Erdbeere,Orange,Erdbeere,DEF,Orange,Davon hat Jan die Orange bekommen.,DEF_false,stimuli//strawberry.bmp,stimuli//orange.bmp,stimuli//strawberry.bmp,1,261
Erdbeere,Orange,Orange,DEF,Erdbeere,Davon hat Jan die Erdbeere bekommen.,DEF_false,stimuli//strawberry.bmp,stimuli//orange.bmp,stimuli//orange.bmp,1,262
Erdbeere,Orange,Erdbeere,INDEF,Orange,Davon hat Jan eine Orange bekommen.,INDEF_false,stimuli//strawberry.bmp,stimuli//orange.bmp,stimuli//strawberry.bmp,2,263
Erdbeere,Orange,Orange,INDEF,Erdbeere,Davon hat Jan eine Erdbeere bekommen.,INDEF_false,stimuli//strawberry.bmp,stimuli//orange.bmp,stimuli//orange.bmp,2,264
Ananas,Orange,Ananas,DEF,Ananas,Davon hat Jan die Ananas bekommen.,DEF_felicitous,stimuli//pineapple.bmp,stimuli//orange.bmp,stimuli//pineapple.bmp,3,265
Ananas,Orange,Orange,DEF,Orange,Davon hat Jan die Orange bekommen.,DEF_infelicitous,stimuli//pineapple.bmp,stimuli//orange.bmp,stimuli//orange.bmp,5,266
Ananas,Orange,Ananas,INDEF,Ananas,Davon hat Jan eine Ananas bekommen.,INDEF_infelicitous,stimuli//pineapple.bmp,stimuli//orange.bmp,stimuli//pineapple.bmp,6,267
Ananas,Orange,Orange,INDEF,Orange,Davon hat Jan eine Orange bekommen.,INDEF_felicitous,stimuli//pineapple.bmp,stimuli//orange.bmp,stimuli//orange.bmp,4,268
Ananas,Orange,Ananas,DEF,Orange,Davon hat Jan die Orange bekommen.,DEF_false,stimuli//pineapple.bmp,stimuli//orange.bmp,stimuli//pineapple.bmp,1,269
Ananas,Orange,Orange,DEF,Ananas,Davon hat Jan die Ananas bekommen.,DEF_false,stimuli//pineapple.bmp,stimuli//orange.bmp,stimuli//orange.bmp,1,270
Ananas,Orange,Ananas,INDEF,Orange,Davon hat Jan eine Orange bekommen.,INDEF_false,stimuli//pineapple.bmp,stimuli//orange.bmp,stimuli//pineapple.bmp,2,271
Ananas,Orange,Orange,INDEF,Ananas,Davon hat Jan eine Ananas bekommen.,INDEF_false,stimuli//pineapple.bmp,stimuli//orange.bmp,stimuli//orange.bmp,2,272
Pflaume,Orange,Pflaume,DEF,Pflaume,Davon hat Jan die Pflaume bekommen.,DEF_felicitous,stimuli//plum.bmp,stimuli//orange.bmp,stimuli//plum.bmp,3,273
Pflaume,Orange,Orange,DEF,Orange,Davon hat Jan die Orange bekommen.,DEF_infelicitous,stimuli//plum.bmp,stimuli//orange.bmp,stimuli//orange.bmp,5,274
Pflaume,Orange,Pflaume,INDEF,Pflaume,Davon hat Jan eine Pflaume bekommen.,INDEF_infelicitous,stimuli//plum.bmp,stimuli//orange.bmp,stimuli//plum.bmp,6,275
Pflaume,Orange,Orange,INDEF,Orange,Davon hat Jan eine Orange bekommen.,INDEF_felicitous,stimuli//plum.bmp,stimuli//orange.bmp,stimuli//orange.bmp,4,276
Pflaume,Orange,Pflaume,DEF,Orange,Davon hat Jan die Orange bekommen.,DEF_false,stimuli//plum.bmp,stimuli//orange.bmp,stimuli//plum.bmp,1,277
Pflaume,Orange,Orange,DEF,Pflaume,Davon hat Jan die Pflaume bekommen.,DEF_false,stimuli//plum.bmp,stimuli//orange.bmp,stimuli//orange.bmp,1,278
Pflaume,Orange,Pflaume,INDEF,Orange,Davon hat Jan eine Orange bekommen.,INDEF_false,stimuli//plum.bmp,stimuli//orange.bmp,stimuli//plum.bmp,2,279
Pflaume,Orange,Orange,INDEF,Pflaume,Davon hat Jan eine Pflaume bekommen.,INDEF_false,stimuli//plum.bmp,stimuli//orange.bmp,stimuli//orange.bmp,2,280
Zitrone,Orange,Zitrone,DEF,Zitrone,Davon hat Jan die Zitrone bekommen.,DEF_felicitous,stimuli//lemon.bmp,stimuli//orange.bmp,stimuli//lemon.bmp,3,281
Zitrone,Orange,Orange,DEF,Orange,Davon hat Jan die Orange bekommen.,DEF_infelicitous,stimuli//lemon.bmp,stimuli//orange.bmp,stimuli//orange.bmp,5,282
Zitrone,Orange,Zitrone,INDEF,Zitrone,Davon hat Jan eine Zitrone bekommen.,INDEF_infelicitous,stimuli//lemon.bmp,stimuli//orange.bmp,stimuli//lemon.bmp,6,283
Zitrone,Orange,Orange,INDEF,Orange,Davon hat Jan eine Orange bekommen.,INDEF_felicitous,stimuli//lemon.bmp,stimuli//orange.bmp,stimuli//orange.bmp,4,284
Zitrone,Orange,Zitrone,DEF,Orange,Davon hat Jan die Orange bekommen.,DEF_false,stimuli//lemon.bmp,stimuli//orange.bmp,stimuli//lemon.bmp,1,285
Zitrone,Orange,Orange,DEF,Zitrone,Davon hat Jan die Zitrone bekommen.,DEF_false,stimuli//lemon.bmp,stimuli//orange.bmp,stimuli//orange.bmp,1,286
Zitrone,Orange,Zitrone,INDEF,Orange,Davon hat Jan eine Orange bekommen.,INDEF_false,stimuli//lemon.bmp,stimuli//orange.bmp,stimuli//lemon.bmp,2,287
Zitrone,Orange,Orange,INDEF,Zitrone,Davon hat Jan eine Zitrone bekommen.,INDEF_false,stimuli//lemon.bmp,stimuli//orange.bmp,stimuli//orange.bmp,2,288
Banane,Zitrone,Banane,DEF,Banane,Davon hat Jan die Banane bekommen.,DEF_felicitous,stimuli//banana.bmp,stimuli//lemon.bmp,stimuli//banana.bmp,3,289
Banane,Zitrone,Zitrone,DEF,Zitrone,Davon hat Jan die Zitrone bekommen.,DEF_infelicitous,stimuli//banana.bmp,stimuli//lemon.bmp,stimuli//lemon.bmp,5,290
Banane,Zitrone,Banane,INDEF,Banane,Davon hat Jan eine Banane bekommen.,INDEF_infelicitous,stimuli//banana.bmp,stimuli//lemon.bmp,stimuli//banana.bmp,6,291
Banane,Zitrone,Zitrone,INDEF,Zitrone,Davon hat Jan eine Zitrone bekommen.,INDEF_felicitous,stimuli//banana.bmp,stimuli//lemon.bmp,stimuli//lemon.bmp,4,292
Banane,Zitrone,Banane,DEF,Zitrone,Davon hat Jan die Zitrone bekommen.,DEF_false,stimuli//banana.bmp,stimuli//lemon.bmp,stimuli//banana.bmp,1,293
Banane,Zitrone,Zitrone,DEF,Banane,Davon hat Jan die Banane bekommen.,DEF_false,stimuli//banana.bmp,stimuli//lemon.bmp,stimuli//lemon.bmp,1,294
Banane,Zitrone,Banane,INDEF,Zitrone,Davon hat Jan eine Zitrone bekommen.,INDEF_false,stimuli//banana.bmp,stimuli//lemon.bmp,stimuli//banana.bmp,2,295
Banane,Zitrone,Zitrone,INDEF,Banane,Davon hat Jan eine Banane bekommen.,INDEF_false,stimuli//banana.bmp,stimuli//lemon.bmp,stimuli//lemon.bmp,2,296
Birne,Zitrone,Birne,DEF,Birne,Davon hat Jan die Birne bekommen.,DEF_felicitous,stimuli//pear.bmp,stimuli//lemon.bmp,stimuli//pear.bmp,3,297
Birne,Zitrone,Zitrone,DEF,Zitrone,Davon hat Jan die Zitrone bekommen.,DEF_infelicitous,stimuli//pear.bmp,stimuli//lemon.bmp,stimuli//lemon.bmp,5,298
Birne,Zitrone,Birne,INDEF,Birne,Davon hat Jan eine Birne bekommen.,INDEF_infelicitous,stimuli//pear.bmp,stimuli//lemon.bmp,stimuli//pear.bmp,6,299
Birne,Zitrone,Zitrone,INDEF,Zitrone,Davon hat Jan eine Zitrone bekommen.,INDEF_felicitous,stimuli//pear.bmp,stimuli//lemon.bmp,stimuli//lemon.bmp,4,300
Birne,Zitrone,Birne,DEF,Zitrone,Davon hat Jan die Zitrone bekommen.,DEF_false,stimuli//pear.bmp,stimuli//lemon.bmp,stimuli//pear.bmp,1,301
Birne,Zitrone,Zitrone,DEF,Birne,Davon hat Jan die Birne bekommen.,DEF_false,stimuli//pear.bmp,stimuli//lemon.bmp,stimuli//lemon.bmp,1,302
Birne,Zitrone,Birne,INDEF,Zitrone,Davon hat Jan eine Zitrone bekommen.,INDEF_false,stimuli//pear.bmp,stimuli//lemon.bmp,stimuli//pear.bmp,2,303
Birne,Zitrone,Zitrone,INDEF,Birne,Davon hat Jan eine Birne bekommen.,INDEF_false,stimuli//pear.bmp,stimuli//lemon.bmp,stimuli//lemon.bmp,2,304
Erdbeere,Zitrone,Erdbeere,DEF,Erdbeere,Davon hat Jan die Erdbeere bekommen.,DEF_felicitous,stimuli//strawberry.bmp,stimuli//lemon.bmp,stimuli//strawberry.bmp,3,305
Erdbeere,Zitrone,Zitrone,DEF,Zitrone,Davon hat Jan die Zitrone bekommen.,DEF_infelicitous,stimuli//strawberry.bmp,stimuli//lemon.bmp,stimuli//lemon.bmp,5,306
Erdbeere,Zitrone,Erdbeere,INDEF,Erdbeere,Davon hat Jan eine Erdbeere bekommen.,INDEF_infelicitous,stimuli//strawberry.bmp,stimuli//lemon.bmp,stimuli//strawberry.bmp,6,307
Erdbeere,Zitrone,Zitrone,INDEF,Zitrone,Davon hat Jan eine Zitrone bekommen.,INDEF_felicitous,stimuli//strawberry.bmp,stimuli//lemon.bmp,stimuli//lemon.bmp,4,308
Erdbeere,Zitrone,Erdbeere,DEF,Zitrone,Davon hat Jan die Zitrone bekommen.,DEF_false,stimuli//strawberry.bmp,stimuli//lemon.bmp,stimuli//strawberry.bmp,1,309
Erdbeere,Zitrone,Zitrone,DEF,Erdbeere,Davon hat Jan die Erdbeere bekommen.,DEF_false,stimuli//strawberry.bmp,stimuli//lemon.bmp,stimuli//lemon.bmp,1,310
Erdbeere,Zitrone,Erdbeere,INDEF,Zitrone,Davon hat Jan eine Zitrone bekommen.,INDEF_false,stimuli//strawberry.bmp,stimuli//lemon.bmp,stimuli//strawberry.bmp,2,311
Erdbeere,Zitrone,Zitrone,INDEF,Erdbeere,Davon hat Jan eine Erdbeere bekommen.,INDEF_false,stimuli//strawberry.bmp,stimuli//lemon.bmp,stimuli//lemon.bmp,2,312
Ananas,Zitrone,Ananas,DEF,Ananas,Davon hat Jan die Ananas bekommen.,DEF_felicitous,stimuli//pineapple.bmp,stimuli//lemon.bmp,stimuli//pineapple.bmp,3,313
Ananas,Zitrone,Zitrone,DEF,Zitrone,Davon hat Jan die Zitrone bekommen.,DEF_infelicitous,stimuli//pineapple.bmp,stimuli//lemon.bmp,stimuli//lemon.bmp,5,314
Ananas,Zitrone,Ananas,INDEF,Ananas,Davon hat Jan eine Ananas bekommen.,INDEF_infelicitous,stimuli//pineapple.bmp,stimuli//lemon.bmp,stimuli//pineapple.bmp,6,315
Ananas,Zitrone,Zitrone,INDEF,Zitrone,Davon hat Jan eine Zitrone bekommen.,INDEF_felicitous,stimuli//pineapple.bmp,stimuli//lemon.bmp,stimuli//lemon.bmp,4,316
Ananas,Zitrone,Ananas,DEF,Zitrone,Davon hat Jan die Zitrone bekommen.,DEF_false,stimuli//pineapple.bmp,stimuli//lemon.bmp,stimuli//pineapple.bmp,1,317
Ananas,Zitrone,Zitrone,DEF,Ananas,Davon hat Jan die Ananas bekommen.,DEF_false,stimuli//pineapple.bmp,stimuli//lemon.bmp,stimuli//lemon.bmp,1,318
Ananas,Zitrone,Ananas,INDEF,Zitrone,Davon hat Jan eine Zitrone bekommen.,INDEF_false,stimuli//pineapple.bmp,stimuli//lemon.bmp,stimuli//pineapple.bmp,2,319
Ananas,Zitrone,Zitrone,INDEF,Ananas,Davon hat Jan eine Ananas bekommen.,INDEF_false,stimuli//pineapple.bmp,stimuli//lemon.bmp,stimuli//lemon.bmp,2,320
Pflaume,Zitrone,Pflaume,DEF,Pflaume,Davon hat Jan die Pflaume bekommen.,DEF_felicitous,stimuli//plum.bmp,stimuli//lemon.bmp,stimuli//plum.bmp,3,321
Pflaume,Zitrone,Zitrone,DEF,Zitrone,Davon hat Jan die Zitrone bekommen.,DEF_infelicitous,stimuli//plum.bmp,stimuli//lemon.bmp,stimuli//lemon.bmp,5,322
Pflaume,Zitrone,Pflaume,INDEF,Pflaume,Davon hat Jan eine Pflaume bekommen.,INDEF_infelicitous,stimuli//plum.bmp,stimuli//lemon.bmp,stimuli//plum.bmp,6,323
Pflaume,Zitrone,Zitrone,INDEF,Zitrone,Davon hat Jan eine Zitrone bekommen.,INDEF_felicitous,stimuli//plum.bmp,stimuli//lemon.bmp,stimuli//lemon.bmp,4,324
Pflaume,Zitrone,Pflaume,DEF,Zitrone,Davon hat Jan die Zitrone bekommen.,DEF_false,stimuli//plum.bmp,stimuli//lemon.bmp,stimuli//plum.bmp,1,325
Pflaume,Zitrone,Zitrone,DEF,Pflaume,Davon hat Jan die Pflaume bekommen.,DEF_false,stimuli//plum.bmp,stimuli//lemon.bmp,stimuli//lemon.bmp,1,326
Pflaume,Zitrone,Pflaume,INDEF,Zitrone,Davon hat Jan eine Zitrone bekommen.,INDEF_false,stimuli//plum.bmp,stimuli//lemon.bmp,stimuli//plum.bmp,2,327
Pflaume,Zitrone,Zitrone,INDEF,Pflaume,Davon hat Jan eine Pflaume bekommen.,INDEF_false,stimuli//plum.bmp,stimuli//lemon.bmp,stimuli//lemon.bmp,2,328
Orange,Zitrone,Orange,DEF,Orange,Davon hat Jan die Orange bekommen.,DEF_felicitous,stimuli//orange.bmp,stimuli//lemon.bmp,stimuli//orange.bmp,3,329
Orange,Zitrone,Zitrone,DEF,Zitrone,Davon hat Jan die Zitrone bekommen.,DEF_infelicitous,stimuli//orange.bmp,stimuli//lemon.bmp,stimuli//lemon.bmp,5,330
Orange,Zitrone,Orange,INDEF,Orange,Davon hat Jan eine Orange bekommen.,INDEF_infelicitous,stimuli//orange.bmp,stimuli//lemon.bmp,stimuli//orange.bmp,6,331
Orange,Zitrone,Zitrone,INDEF,Zitrone,Davon hat Jan eine Zitrone bekommen.,INDEF_felicitous,stimuli//orange.bmp,stimuli//lemon.bmp,stimuli//lemon.bmp,4,332
Orange,Zitrone,Orange,DEF,Zitrone,Davon hat Jan die Zitrone bekommen.,DEF_false,stimuli//orange.bmp,stimuli//lemon.bmp,stimuli//orange.bmp,1,333
Orange,Zitrone,Zitrone,DEF,Orange,Davon hat Jan die Orange bekommen.,DEF_false,stimuli//orange.bmp,stimuli//lemon.bmp,stimuli//lemon.bmp,1,334
Orange,Zitrone,Orange,INDEF,Zitrone,Davon hat Jan eine Zitrone bekommen.,INDEF_false,stimuli//orange.bmp,stimuli//lemon.bmp,stimuli//orange.bmp,2,335
Orange,Zitrone,Zitrone,INDEF,Orange,Davon hat Jan eine Orange bekommen.,INDEF_false,stimuli//orange.bmp,stimuli//lemon.bmp,stimuli//lemon.bmp,2,336
